"Name","Platform","Compiles","CompilesDouble","Uses","UsesDouble","PermutationString"
"/Engine/EngineMaterials/Widget3DPassThrough.Widget3DPassThrough","0","14","0","14","14","Compiling Widget3DPassThrough: Platform=PCD3D_SM5, Usage=LightingModel=MSM_Unlit, BlendMode=BLEND_Translucent, SpecialEngine=0, TwoSided=1, TSNormal=1, Masked=0, Distorted=0, WritesEveryPixel=1, ModifiesMeshPosition=0, Usage={}"
"/Engine/EngineMaterials/Widget3DPassThrough.Widget3DPassThrough","0","12","0","12","24","Compiling Widget3DPassThrough: Platform=PCD3D_SM5, Usage=LightingModel=MSM_Unlit, BlendMode=BLEND_Translucent, SpecialEngine=0, TwoSided=0, TSNormal=1, Masked=0, Distorted=0, WritesEveryPixel=1, ModifiesMeshPosition=0, Usage={}"
"/Engine/EngineMaterials/Widget3DPassThrough.Widget3DPassThrough","0","11","0","12","12","Compiling Widget3DPassThrough: Platform=PCD3D_SM5, Usage=LightingModel=MSM_Unlit, BlendMode=BLEND_Opaque, SpecialEngine=0, TwoSided=1, TSNormal=1, Masked=0, Distorted=0, WritesEveryPixel=1, ModifiesMeshPosition=0, Usage={}"
"/Engine/EngineMaterials/Widget3DPassThrough.Widget3DPassThrough","0","6","0","6","6","Compiling Widget3DPassThrough: Platform=PCD3D_SM5, Usage=LightingModel=MSM_Unlit, BlendMode=BLEND_Opaque, SpecialEngine=0, TwoSided=0, TSNormal=1, Masked=0, Distorted=0, WritesEveryPixel=1, ModifiesMeshPosition=0, Usage={}"
"/Engine/EngineMaterials/Widget3DPassThrough.Widget3DPassThrough","0","26","0","28","28","Compiling Widget3DPassThrough: Platform=PCD3D_SM5, Usage=LightingModel=MSM_Unlit, BlendMode=BLEND_Masked, SpecialEngine=0, TwoSided=1, TSNormal=1, Masked=1, Distorted=0, WritesEveryPixel=0, ModifiesMeshPosition=0, Usage={}"
"/Engine/EngineMaterials/Widget3DPassThrough.Widget3DPassThrough","0","26","0","28","28","Compiling Widget3DPassThrough: Platform=PCD3D_SM5, Usage=LightingModel=MSM_Unlit, BlendMode=BLEND_Masked, SpecialEngine=0, TwoSided=0, TSNormal=1, Masked=1, Distorted=0, WritesEveryPixel=0, ModifiesMeshPosition=0, Usage={}"
"/Paper2D/DefaultSpriteMaterial.DefaultSpriteMaterial","0","33","0","36","36","Compiling DefaultSpriteMaterial: Platform=PCD3D_SM5, Usage=LightingModel=MSM_Unlit, BlendMode=BLEND_Opaque, SpecialEngine=0, TwoSided=1, TSNormal=1, Masked=0, Distorted=0, WritesEveryPixel=1, ModifiesMeshPosition=0, Usage={bUsedWithNiagaraSprites}"
"/Paper2D/DefaultSpriteMaterial.DefaultSpriteMaterial","0","78","0","10","350","Compiling DefaultSpriteMaterial: Platform=PCD3D_SM5, Usage=LightingModel=MSM_Unlit, BlendMode=BLEND_Masked, SpecialEngine=0, TwoSided=1, TSNormal=1, Masked=1, Distorted=0, WritesEveryPixel=0, ModifiesMeshPosition=0, Usage={bUsedWithNiagaraSprites}"
"/OpenXR/Devices/M_XRController.M_XRController","0","18","0","18","18","Compiling M_XRController: Platform=PCD3D_SM5, Usage=LightingModel=MSM_DefaultLit, BlendMode=BLEND_Opaque, SpecialEngine=0, TwoSided=0, TSNormal=1, Masked=0, Distorted=0, WritesEveryPixel=1, ModifiesMeshPosition=0, Usage={}, StaticSwitch'FlipU2-1'=False, StaticSwitch'UseMR2-1'=True"
"/OpenXR/Devices/M_XRController.M_XRController","0","18","0","18","18","Compiling M_XRController: Platform=PCD3D_SM5, Usage=LightingModel=MSM_DefaultLit, BlendMode=BLEND_Opaque, SpecialEngine=0, TwoSided=0, TSNormal=1, Masked=0, Distorted=0, WritesEveryPixel=1, ModifiesMeshPosition=0, Usage={}, StaticSwitch'FlipU2-1'=True, StaticSwitch'UseMR2-1'=True"
"/OpenXR/Devices/M_XRController.M_XRController","0","18","0","2","45","Compiling M_XRController: Platform=PCD3D_SM5, Usage=LightingModel=MSM_DefaultLit, BlendMode=BLEND_Opaque, SpecialEngine=0, TwoSided=0, TSNormal=1, Masked=0, Distorted=0, WritesEveryPixel=1, ModifiesMeshPosition=0, Usage={}"
"Globals","0","3049","0","0","0",""
"/Engine/EngineMaterials/PhAT_JointLimitMaterial.PhAT_JointLimitMaterial","0","19","0","10","82","Compiling PhAT_JointLimitMaterial: Platform=PCD3D_SM5, Usage=LightingModel=MSM_Unlit, BlendMode=BLEND_Translucent, SpecialEngine=0, TwoSided=1, TSNormal=1, Masked=0, Distorted=0, WritesEveryPixel=1, ModifiesMeshPosition=1, Usage={}"
"/Engine/EngineMaterials/GizmoMaterial.GizmoMaterial","0","11","0","4","49","Compiling GizmoMaterial: Platform=PCD3D_SM5, Usage=LightingModel=MSM_Unlit, BlendMode=BLEND_Opaque, SpecialEngine=0, TwoSided=1, TSNormal=1, Masked=0, Distorted=0, WritesEveryPixel=1, ModifiesMeshPosition=0, Usage={}"
"/Engine/EngineMaterials/M_InvalidLightmapSettings.M_InvalidLightmapSettings","0","36","0","2","539","Compiling M_InvalidLightmapSettings: Platform=PCD3D_SM5, Usage=LightingModel=MSM_DefaultLit, BlendMode=BLEND_Opaque, SpecialEngine=0, TwoSided=0, TSNormal=1, Masked=0, Distorted=0, WritesEveryPixel=1, ModifiesMeshPosition=0, Usage={bUsedWithInstancedStaticMeshes}"
"/Engine/EngineMaterials/EmissiveMeshMaterial.EmissiveMeshMaterial","0","14","0","3","52","Compiling EmissiveMeshMaterial: Platform=PCD3D_SM5, Usage=LightingModel=MSM_Unlit, BlendMode=BLEND_Additive, SpecialEngine=0, TwoSided=1, TSNormal=1, Masked=0, Distorted=0, WritesEveryPixel=1, ModifiesMeshPosition=0, Usage={}"
"/Engine/EngineDebugMaterials/DebugMeshMaterial.DebugMeshMaterial","0","14","0","4","58","Compiling DebugMeshMaterial: Platform=PCD3D_SM5, Usage=LightingModel=MSM_Unlit, BlendMode=BLEND_Translucent, SpecialEngine=0, TwoSided=1, TSNormal=1, Masked=0, Distorted=0, WritesEveryPixel=1, ModifiesMeshPosition=0, Usage={}"
"/Engine/EngineMaterials/RemoveSurfaceMaterial.RemoveSurfaceMaterial","0","6","0","6","9","Compiling RemoveSurfaceMaterial: Platform=PCD3D_SM5, Usage=LightingModel=MSM_Unlit, BlendMode=BLEND_Opaque, SpecialEngine=0, TwoSided=0, TSNormal=1, Masked=0, Distorted=0, WritesEveryPixel=1, ModifiesMeshPosition=0, Usage={bUsedWithStaticLighting}"
"/OculusVR/Materials/TouchForQuestRiftSControllerMaterial.TouchForQuestRiftSControllerMaterial","0","18","0","1","66","Compiling TouchForQuestRiftSControllerMaterial: Platform=PCD3D_SM5, Usage=LightingModel=MSM_DefaultLit, BlendMode=BLEND_Opaque, SpecialEngine=0, TwoSided=0, TSNormal=1, Masked=0, Distorted=0, WritesEveryPixel=1, ModifiesMeshPosition=0, Usage={}"
"/OculusVR/Materials/touchController_mat.touchController_mat","0","48","0","6","298","Compiling touchController_mat: Platform=PCD3D_SM5, Usage=LightingModel=MSM_DefaultLit, BlendMode=BLEND_Opaque, SpecialEngine=0, TwoSided=0, TSNormal=1, Masked=0, Distorted=0, WritesEveryPixel=1, ModifiesMeshPosition=0, Usage={bUsedWithSkeletalMesh}"
"/OculusVR/Materials/OculusMR_OpaqueColoredMaterial.OculusMR_OpaqueColoredMaterial","0","6","0","6","10","Compiling OculusMR_OpaqueColoredMaterial: Platform=PCD3D_SM5, Usage=LightingModel=MSM_Unlit, BlendMode=BLEND_Opaque, SpecialEngine=0, TwoSided=0, TSNormal=1, Masked=0, Distorted=0, WritesEveryPixel=1, ModifiesMeshPosition=0, Usage={}"
"/OculusVR/Materials/OculusMR_ChromaKey.OculusMR_ChromaKey","0","12","0","12","18","Compiling OculusMR_ChromaKey: Platform=PCD3D_SM5, Usage=LightingModel=MSM_Unlit, BlendMode=BLEND_Translucent, SpecialEngine=0, TwoSided=0, TSNormal=1, Masked=0, Distorted=0, WritesEveryPixel=1, ModifiesMeshPosition=0, Usage={}"
"/Engine/EngineDebugMaterials/M_VolumeRenderSphereTracePP.M_VolumeRenderSphereTracePP","0","8","0","8","10","Compiling M_VolumeRenderSphereTracePP: Platform=PCD3D_SM5, Usage=LightingModel=MSM_Unlit, BlendMode=BLEND_Opaque, SpecialEngine=0, TwoSided=0, TSNormal=1, Masked=0, Distorted=0, WritesEveryPixel=1, ModifiesMeshPosition=0, Usage={}"
"/SpeedTreeImporter/SpeedTree9/SpeedTreeBillboardMaster.SpeedTreeBillboardMaster","0","80","0","7","739","Compiling SpeedTreeBillboardMaster: Platform=PCD3D_SM5, Usage=LightingModel=MSM_TwoSidedFoliage, BlendMode=BLEND_Masked, SpecialEngine=0, TwoSided=0, TSNormal=1, Masked=1, Distorted=0, WritesEveryPixel=0, ModifiesMeshPosition=1, Usage={bUsedWithInstancedStaticMeshes}"
"/SpeedTreeImporter/SpeedTree9/SpeedTreeMaster.SpeedTreeMaster","0","118","0","10","1335","Compiling SpeedTreeMaster: Platform=PCD3D_SM5, Usage=LightingModel=MSM_TwoSidedFoliage, BlendMode=BLEND_Masked, SpecialEngine=0, TwoSided=1, TSNormal=1, Masked=1, Distorted=0, WritesEveryPixel=0, ModifiesMeshPosition=1, Usage={bUsedWithStaticLighting,bUsedWithInstancedStaticMeshes}"
"/Engine/EngineDebugMaterials/WireframeMaterial.WireframeMaterial","0","690","0","22","34127","Compiling WireframeMaterial: Platform=PCD3D_SM5, Usage=LightingModel=MSM_Unlit, BlendMode=BLEND_Opaque, SpecialEngine=1, TwoSided=0, TSNormal=1, Masked=0, Distorted=0, WritesEveryPixel=0, ModifiesMeshPosition=0, Usage={}"
"/Engine/EngineDebugMaterials/VertexColorMaterial.VertexColorMaterial","0","125","0","11","1180","Compiling VertexColorMaterial: Platform=PCD3D_SM5, Usage=LightingModel=MSM_DefaultLit, BlendMode=BLEND_Opaque, SpecialEngine=0, TwoSided=1, TSNormal=1, Masked=0, Distorted=0, WritesEveryPixel=1, ModifiesMeshPosition=0, Usage={bUsedWithSkeletalMesh,bUsedWithInstancedStaticMeshes,bUsedWithGeometryCollections,bUsedWithGeometryCache}"
"/Engine/EngineMaterials/DefaultMaterial.DefaultMaterial","0","217","0","3","3652","Compiling DefaultMaterial: Platform=PCD3D_SM5, Usage=LightingModel=MSM_DefaultLit, BlendMode=BLEND_Opaque, SpecialEngine=0, TwoSided=0, TSNormal=1, Masked=0, Distorted=0, WritesEveryPixel=1, ModifiesMeshPosition=0, Usage={bUsedWithSkeletalMesh,bUsedWithMeshParticles,bUsedWithStaticLighting,bUsedWithSplineMeshes,bUsedWithInstancedStaticMeshes,bUsedWithNiagaraSprites,bUsedWithNiagaraRibbons,bUsedWithNiagaraMeshParticles}"
"/Engine/ArtTools/RenderToTexture/Materials/Debug/M_Emissive_Color.M_Emissive_Color","0","6","0","6","6","Compiling M_Emissive_Color: Platform=PCD3D_SM5, Usage=LightingModel=MSM_Unlit, BlendMode=BLEND_Opaque, SpecialEngine=0, TwoSided=0, TSNormal=1, Masked=0, Distorted=0, WritesEveryPixel=1, ModifiesMeshPosition=0, Usage={bUsedWithStaticLighting}"
"/OculusVR/Materials/PokeAHoleMaterial.PokeAHoleMaterial","0","12","0","12","12","Compiling PokeAHoleMaterial: Platform=PCD3D_SM5, Usage=LightingModel=MSM_Unlit, BlendMode=BLEND_Translucent, SpecialEngine=0, TwoSided=0, TSNormal=1, Masked=0, Distorted=0, WritesEveryPixel=1, ModifiesMeshPosition=0, Usage={bUsedWithStaticLighting}"
"/Engine/EngineDebugMaterials/M_SimpleUnlitTranslucent.M_SimpleUnlitTranslucent","0","12","0","12","22","Compiling M_SimpleUnlitTranslucent: Platform=PCD3D_SM5, Usage=LightingModel=MSM_Unlit, BlendMode=BLEND_Translucent, SpecialEngine=0, TwoSided=0, TSNormal=1, Masked=0, Distorted=0, WritesEveryPixel=1, ModifiesMeshPosition=0, Usage={}"
"/Engine/EditorMaterials/Camera/CineMat.CineMat","0","30","0","1","93","Compiling CineMat: Platform=PCD3D_SM5, Usage=LightingModel=MSM_DefaultLit, BlendMode=BLEND_Opaque, SpecialEngine=0, TwoSided=0, TSNormal=1, Masked=0, Distorted=0, WritesEveryPixel=1, ModifiesMeshPosition=0, Usage={bUsedWithSplineMeshes}"
"/Engine/VREditor/TransformGizmo/TranslucentTransformGizmoMaterial.TranslucentTransformGizmoMaterial","0","12","0","4","34","Compiling TranslucentTransformGizmoMaterial: Platform=PCD3D_SM5, Usage=LightingModel=MSM_Unlit, BlendMode=BLEND_Translucent, SpecialEngine=0, TwoSided=0, TSNormal=1, Masked=0, Distorted=0, WritesEveryPixel=1, ModifiesMeshPosition=0, Usage={}"
"/Engine/VREditor/TransformGizmo/TransformGizmoMaterial.TransformGizmoMaterial","0","6","0","6","6","Compiling TransformGizmoMaterial: Platform=PCD3D_SM5, Usage=LightingModel=MSM_Unlit, BlendMode=BLEND_Opaque, SpecialEngine=0, TwoSided=0, TSNormal=1, Masked=0, Distorted=0, WritesEveryPixel=1, ModifiesMeshPosition=0, Usage={}"
"/Engine/VREditor/TransformGizmo/Xray.Xray","0","18","0","18","26","Compiling Xray: Platform=PCD3D_SM5, Usage=LightingModel=MSM_DefaultLit, BlendMode=BLEND_Opaque, SpecialEngine=0, TwoSided=0, TSNormal=1, Masked=0, Distorted=0, WritesEveryPixel=1, ModifiesMeshPosition=0, Usage={}"
"/Engine/VREditor/TransformGizmo/Main.Main","0","12","0","12","12","Compiling Main: Platform=PCD3D_SM5, Usage=LightingModel=MSM_Unlit, BlendMode=BLEND_Translucent, SpecialEngine=0, TwoSided=0, TSNormal=1, Masked=0, Distorted=0, WritesEveryPixel=1, ModifiesMeshPosition=0, Usage={}"
"/Engine/EngineMaterials/BaseFlattenMaterial.BaseFlattenMaterial","0","62","0","13","193","Compiling BaseFlattenMaterial: Platform=PCD3D_SM5, Usage=LightingModel=MSM_DefaultLit, BlendMode=BLEND_Opaque, SpecialEngine=0, TwoSided=0, TSNormal=1, Masked=0, Distorted=0, WritesEveryPixel=0, ModifiesMeshPosition=1, Usage={bUsedWithStaticLighting}"
"/Engine/EngineSky/VolumetricClouds/m_SimpleVolumetricCloud.m_SimpleVolumetricCloud","0","58","0","20","405","Compiling m_SimpleVolumetricCloud: Platform=PCD3D_SM5, Usage=LightingModel=MSM_DefaultLit, BlendMode=BLEND_Additive, SpecialEngine=0, TwoSided=0, TSNormal=1, Masked=0, Distorted=0, WritesEveryPixel=1, ModifiesMeshPosition=0, Usage={}"
"/Engine/EngineMaterials/DefaultPostProcessMaterial.DefaultPostProcessMaterial","0","16","0","16","16","Compiling DefaultPostProcessMaterial: Platform=PCD3D_SM5, Usage=LightingModel=MSM_Unlit, BlendMode=BLEND_Opaque, SpecialEngine=0, TwoSided=0, TSNormal=1, Masked=0, Distorted=0, WritesEveryPixel=1, ModifiesMeshPosition=0, Usage={bUsedWithSkeletalMesh,bUsedWithStaticLighting}"
"/Engine/EngineMaterials/DefaultLightFunctionMaterial.DefaultLightFunctionMaterial","0","23","0","23","23","Compiling DefaultLightFunctionMaterial: Platform=PCD3D_SM5, Usage=LightingModel=MSM_Unlit, BlendMode=BLEND_Opaque, SpecialEngine=0, TwoSided=0, TSNormal=1, Masked=0, Distorted=0, WritesEveryPixel=1, ModifiesMeshPosition=0, Usage={}"
"/Engine/EngineMaterials/DefaultDeferredDecalMaterial.DefaultDeferredDecalMaterial","0","163","0","163","163","Compiling DefaultDeferredDecalMaterial: Platform=PCD3D_SM5, Usage=LightingModel=MSM_DefaultLit, BlendMode=BLEND_Translucent, SpecialEngine=0, TwoSided=0, TSNormal=1, Masked=0, Distorted=0, WritesEveryPixel=1, ModifiesMeshPosition=0, Usage={bUsedWithSkeletalMesh,bUsedWithStaticLighting,bUsedWithSplineMeshes}"
"/Engine/EngineMaterials/WorldGridMaterial.WorldGridMaterial","0","1065","0","1092","1092","Compiling WorldGridMaterial: Platform=PCD3D_SM5, Usage=LightingModel=MSM_DefaultLit, BlendMode=BLEND_Opaque, SpecialEngine=1, TwoSided=0, TSNormal=1, Masked=0, Distorted=0, WritesEveryPixel=1, ModifiesMeshPosition=0, Usage={}"
"/Engine/EngineMaterials/DefaultTextMaterialOpaque.DefaultTextMaterialOpaque","0","40","0","3","153","Compiling DefaultTextMaterialOpaque: Platform=PCD3D_SM5, Usage=LightingModel=MSM_DefaultLit, BlendMode=BLEND_Masked, SpecialEngine=0, TwoSided=1, TSNormal=1, Masked=1, Distorted=0, WritesEveryPixel=0, ModifiesMeshPosition=0, Usage={}"
"/Game/Mannequin/Character/Materials/M_Male_Body.M_Male_Body","0","119","0","10","974","Compiling M_Male_Body: Platform=PCD3D_SM5, Usage=LightingModel=MSM_DefaultLit, BlendMode=BLEND_Masked, SpecialEngine=0, TwoSided=0, TSNormal=1, Masked=1, Distorted=0, WritesEveryPixel=0, ModifiesMeshPosition=1, Usage={bUsedWithSkeletalMesh}, StaticSwitch'PlasticOverride2-1'=True"
"/Game/Mannequin/Character/Materials/M_Male_Body.M_Male_Body","0","119","0","10","929","Compiling M_Male_Body: Platform=PCD3D_SM5, Usage=LightingModel=MSM_DefaultLit, BlendMode=BLEND_Masked, SpecialEngine=0, TwoSided=0, TSNormal=1, Masked=1, Distorted=0, WritesEveryPixel=0, ModifiesMeshPosition=1, Usage={bUsedWithSkeletalMesh}"
"/Engine/EngineMaterials/PPM_DefaultCalibrationGrayscale.PPM_DefaultCalibrationGrayscale","0","8","0","8","8","Compiling PPM_DefaultCalibrationGrayscale: Platform=PCD3D_SM5, Usage=LightingModel=MSM_Unlit, BlendMode=BLEND_Opaque, SpecialEngine=0, TwoSided=0, TSNormal=1, Masked=0, Distorted=0, WritesEveryPixel=1, ModifiesMeshPosition=0, Usage={}"
"/Engine/EngineMaterials/PPM_DefaultCalibrationColor.PPM_DefaultCalibrationColor","0","8","0","8","9","Compiling PPM_DefaultCalibrationColor: Platform=PCD3D_SM5, Usage=LightingModel=MSM_Unlit, BlendMode=BLEND_Opaque, SpecialEngine=0, TwoSided=0, TSNormal=1, Masked=0, Distorted=0, WritesEveryPixel=1, ModifiesMeshPosition=0, Usage={}"
"/Game/ThirdPersonBP/Blueprints/Material_009.Material_009","0","18","0","5","44","Compiling Material_009: Platform=PCD3D_SM5, Usage=LightingModel=MSM_DefaultLit, BlendMode=BLEND_Opaque, SpecialEngine=0, TwoSided=0, TSNormal=1, Masked=0, Distorted=0, WritesEveryPixel=1, ModifiesMeshPosition=0, Usage={}"
"/Game/ThirdPersonBP/Blueprints/Material_005.Material_005","0","18","0","5","44","Compiling Material_005: Platform=PCD3D_SM5, Usage=LightingModel=MSM_DefaultLit, BlendMode=BLEND_Opaque, SpecialEngine=0, TwoSided=0, TSNormal=1, Masked=0, Distorted=0, WritesEveryPixel=1, ModifiesMeshPosition=0, Usage={}"
"/Game/ThirdPersonBP/Blueprints/Material_004.Material_004","0","18","0","10","53","Compiling Material_004: Platform=PCD3D_SM5, Usage=LightingModel=MSM_DefaultLit, BlendMode=BLEND_Opaque, SpecialEngine=0, TwoSided=0, TSNormal=1, Masked=0, Distorted=0, WritesEveryPixel=1, ModifiesMeshPosition=0, Usage={}"
"/Game/ThirdPersonBP/Blueprints/Material_002.Material_002","0","33","0","10","124","Compiling Material_002: Platform=PCD3D_SM5, Usage=LightingModel=MSM_DefaultLit, BlendMode=BLEND_Opaque, SpecialEngine=0, TwoSided=0, TSNormal=1, Masked=0, Distorted=0, WritesEveryPixel=1, ModifiesMeshPosition=0, Usage={bUsedWithStaticLighting}"
"/Game/ThirdPersonBP/Blueprints/Material_001.Material_001","0","18","0","10","48","Compiling Material_001: Platform=PCD3D_SM5, Usage=LightingModel=MSM_DefaultLit, BlendMode=BLEND_Opaque, SpecialEngine=0, TwoSided=0, TSNormal=1, Masked=0, Distorted=0, WritesEveryPixel=1, ModifiesMeshPosition=0, Usage={}"
"/Game/ThirdPersonBP/Blueprints/Material.Material","0","18","0","18","28","Compiling Material: Platform=PCD3D_SM5, Usage=LightingModel=MSM_DefaultLit, BlendMode=BLEND_Opaque, SpecialEngine=0, TwoSided=0, TSNormal=1, Masked=0, Distorted=0, WritesEveryPixel=1, ModifiesMeshPosition=0, Usage={}"
"/Engine/EditorMaterials/PreviewShadowIndicatorMaterial.PreviewShadowIndicatorMaterial","0","23","0","7","90","Compiling PreviewShadowIndicatorMaterial: Platform=PCD3D_SM5, Usage=LightingModel=MSM_Unlit, BlendMode=BLEND_Opaque, SpecialEngine=0, TwoSided=0, TSNormal=1, Masked=0, Distorted=0, WritesEveryPixel=1, ModifiesMeshPosition=0, Usage={}"
"/Engine/EngineDebugMaterials/DebugEditorMaterial.DebugEditorMaterial","0","11","0","12","20","Compiling DebugEditorMaterial: Platform=PCD3D_SM5, Usage=LightingModel=MSM_Unlit, BlendMode=BLEND_Opaque, SpecialEngine=0, TwoSided=1, TSNormal=1, Masked=0, Distorted=0, WritesEveryPixel=1, ModifiesMeshPosition=0, Usage={}"
"/Game/ThirdPersonBP/Blueprints/Material_003.Material_003","0","33","0","10","135","Compiling Material_003: Platform=PCD3D_SM5, Usage=LightingModel=MSM_DefaultLit, BlendMode=BLEND_Opaque, SpecialEngine=0, TwoSided=0, TSNormal=1, Masked=0, Distorted=0, WritesEveryPixel=1, ModifiesMeshPosition=0, Usage={bUsedWithStaticLighting}"
"/Game/ThirdPerson/Meshes/RampMaterial.RampMaterial","0","33","0","10","108","Compiling RampMaterial: Platform=PCD3D_SM5, Usage=LightingModel=MSM_DefaultLit, BlendMode=BLEND_Opaque, SpecialEngine=0, TwoSided=0, TSNormal=1, Masked=0, Distorted=0, WritesEveryPixel=1, ModifiesMeshPosition=0, Usage={bUsedWithStaticLighting}"
"/Engine/EngineSky/M_Sky_Panning_Clouds2.M_Sky_Panning_Clouds2","0","6","0","6","7","Compiling M_Sky_Panning_Clouds2: Platform=PCD3D_SM5, Usage=LightingModel=MSM_Unlit, BlendMode=BLEND_Opaque, SpecialEngine=0, TwoSided=0, TSNormal=1, Masked=0, Distorted=0, WritesEveryPixel=1, ModifiesMeshPosition=0, Usage={bUsedWithStaticLighting}"
"/Game/StarterContent/Materials/M_Wood_Oak.M_Wood_Oak","0","33","0","7","151","Compiling M_Wood_Oak: Platform=PCD3D_SM5, Usage=LightingModel=MSM_DefaultLit, BlendMode=BLEND_Opaque, SpecialEngine=0, TwoSided=0, TSNormal=1, Masked=0, Distorted=0, WritesEveryPixel=1, ModifiesMeshPosition=0, Usage={bUsedWithStaticLighting}"
"/Game/StarterContent/Materials/M_Ground_Grass.M_Ground_Grass","0","33","0","10","179","Compiling M_Ground_Grass: Platform=PCD3D_SM5, Usage=LightingModel=MSM_DefaultLit, BlendMode=BLEND_Opaque, SpecialEngine=0, TwoSided=0, TSNormal=1, Masked=0, Distorted=0, WritesEveryPixel=1, ModifiesMeshPosition=0, Usage={bUsedWithStaticLighting}"
"/Game/Geometry/Meshes/CubeMaterial.CubeMaterial","0","33","0","2","108","Compiling CubeMaterial: Platform=PCD3D_SM5, Usage=LightingModel=MSM_DefaultLit, BlendMode=BLEND_Opaque, SpecialEngine=0, TwoSided=0, TSNormal=1, Masked=0, Distorted=0, WritesEveryPixel=1, ModifiesMeshPosition=0, Usage={bUsedWithStaticLighting}"
"/Game/StarterContent/Props/Materials/M_Lamp.M_Lamp","0","33","0","10","145","Compiling M_Lamp: Platform=PCD3D_SM5, Usage=LightingModel=MSM_DefaultLit, BlendMode=BLEND_Opaque, SpecialEngine=0, TwoSided=0, TSNormal=1, Masked=0, Distorted=0, WritesEveryPixel=1, ModifiesMeshPosition=0, Usage={bUsedWithStaticLighting}"
"/Game/StarterContent/Particles/Materials/M_smoke_subUV.M_smoke_subUV","0","90","0","7","719","Compiling M_smoke_subUV: Platform=PCD3D_SM5, Usage=LightingModel=MSM_DefaultLit, BlendMode=BLEND_Translucent, SpecialEngine=0, TwoSided=0, TSNormal=1, Masked=0, Distorted=0, WritesEveryPixel=1, ModifiesMeshPosition=0, Usage={bUsedWithParticleSprites}"
"/Game/StarterContent/Particles/Materials/M_Spark.M_Spark","0","28","0","1","112","Compiling M_Spark: Platform=PCD3D_SM5, Usage=LightingModel=MSM_Unlit, BlendMode=BLEND_Additive, SpecialEngine=0, TwoSided=0, TSNormal=1, Masked=0, Distorted=0, WritesEveryPixel=1, ModifiesMeshPosition=0, Usage={bUsedWithParticleSprites}"
"/Game/StarterContent/Particles/Materials/M_Radial_Gradient.M_Radial_Gradient","0","36","0","1","148","Compiling M_Radial_Gradient: Platform=PCD3D_SM5, Usage=LightingModel=MSM_Unlit, BlendMode=BLEND_Translucent, SpecialEngine=0, TwoSided=0, TSNormal=1, Masked=0, Distorted=0, WritesEveryPixel=1, ModifiesMeshPosition=0, Usage={bUsedWithParticleSprites,bUsedWithBeamTrails}"
"/Game/StarterContent/Particles/Materials/M_Heat_Distortion.M_Heat_Distortion","0","40","0","1","172","Compiling M_Heat_Distortion: Platform=PCD3D_SM5, Usage=LightingModel=MSM_Unlit, BlendMode=BLEND_Translucent, SpecialEngine=0, TwoSided=1, TSNormal=1, Masked=0, Distorted=1, WritesEveryPixel=1, ModifiesMeshPosition=0, Usage={bUsedWithParticleSprites}"
"/Game/StarterContent/Particles/Materials/M_Fire_SubUV.M_Fire_SubUV","0","28","0","10","90","Compiling M_Fire_SubUV: Platform=PCD3D_SM5, Usage=LightingModel=MSM_Unlit, BlendMode=BLEND_Translucent, SpecialEngine=0, TwoSided=0, TSNormal=1, Masked=0, Distorted=0, WritesEveryPixel=1, ModifiesMeshPosition=0, Usage={bUsedWithParticleSprites}"
"/Game/StarterContent/Materials/M_Basic_Wall.M_Basic_Wall","0","33","0","1","113","Compiling M_Basic_Wall: Platform=PCD3D_SM5, Usage=LightingModel=MSM_DefaultLit, BlendMode=BLEND_Opaque, SpecialEngine=0, TwoSided=0, TSNormal=1, Masked=0, Distorted=0, WritesEveryPixel=1, ModifiesMeshPosition=0, Usage={bUsedWithStaticLighting}"
"/Game/StarterContent/Materials/M_Basic_Floor.M_Basic_Floor","0","33","0","5","104","Compiling M_Basic_Floor: Platform=PCD3D_SM5, Usage=LightingModel=MSM_DefaultLit, BlendMode=BLEND_Opaque, SpecialEngine=0, TwoSided=0, TSNormal=1, Masked=0, Distorted=0, WritesEveryPixel=1, ModifiesMeshPosition=0, Usage={bUsedWithStaticLighting}"
"/Game/StarterContent/Props/Materials/M_Frame.M_Frame","0","33","0","5","104","Compiling M_Frame: Platform=PCD3D_SM5, Usage=LightingModel=MSM_DefaultLit, BlendMode=BLEND_Opaque, SpecialEngine=0, TwoSided=0, TSNormal=1, Masked=0, Distorted=0, WritesEveryPixel=1, ModifiesMeshPosition=0, Usage={bUsedWithStaticLighting}"
"/Game/StarterContent/Materials/M_Glass.M_Glass","0","54","0","2","328","Compiling M_Glass: Platform=PCD3D_SM5, Usage=LightingModel=MSM_DefaultLit, BlendMode=BLEND_Translucent, SpecialEngine=0, TwoSided=0, TSNormal=1, Masked=0, Distorted=1, WritesEveryPixel=1, ModifiesMeshPosition=0, Usage={bUsedWithStaticLighting}"
"/Game/StarterContent/Particles/Materials/M_Dust_Particle.M_Dust_Particle","0","118","0","5","1036","Compiling M_Dust_Particle: Platform=PCD3D_SM5, Usage=LightingModel=MSM_DefaultLit, BlendMode=BLEND_Translucent, SpecialEngine=0, TwoSided=0, TSNormal=1, Masked=0, Distorted=0, WritesEveryPixel=1, ModifiesMeshPosition=0, Usage={bUsedWithParticleSprites,bUsedWithMeshParticles}"
"/Game/StarterContent/Materials/M_Wood_Walnut.M_Wood_Walnut","0","33","0","10","167","Compiling M_Wood_Walnut: Platform=PCD3D_SM5, Usage=LightingModel=MSM_DefaultLit, BlendMode=BLEND_Opaque, SpecialEngine=0, TwoSided=0, TSNormal=1, Masked=0, Distorted=0, WritesEveryPixel=1, ModifiesMeshPosition=0, Usage={bUsedWithStaticLighting}"
"/Game/StarterContent/Materials/M_Wood_Pine.M_Wood_Pine","0","33","0","10","120","Compiling M_Wood_Pine: Platform=PCD3D_SM5, Usage=LightingModel=MSM_DefaultLit, BlendMode=BLEND_Opaque, SpecialEngine=0, TwoSided=0, TSNormal=1, Masked=0, Distorted=0, WritesEveryPixel=1, ModifiesMeshPosition=0, Usage={bUsedWithStaticLighting}"
"/Game/StarterContent/Materials/M_Wood_Floor_Walnut_Worn.M_Wood_Floor_Walnut_Worn","0","33","0","9","154","Compiling M_Wood_Floor_Walnut_Worn: Platform=PCD3D_SM5, Usage=LightingModel=MSM_DefaultLit, BlendMode=BLEND_Opaque, SpecialEngine=0, TwoSided=0, TSNormal=1, Masked=0, Distorted=0, WritesEveryPixel=1, ModifiesMeshPosition=0, Usage={bUsedWithStaticLighting}"
"/Game/StarterContent/Materials/M_Wood_Floor_Walnut_Polished.M_Wood_Floor_Walnut_Polished","0","33","0","10","168","Compiling M_Wood_Floor_Walnut_Polished: Platform=PCD3D_SM5, Usage=LightingModel=MSM_DefaultLit, BlendMode=BLEND_Opaque, SpecialEngine=0, TwoSided=0, TSNormal=1, Masked=0, Distorted=0, WritesEveryPixel=1, ModifiesMeshPosition=0, Usage={bUsedWithStaticLighting}"
"/Game/StarterContent/Materials/M_Water_Ocean.M_Water_Ocean","0","33","0","5","156","Compiling M_Water_Ocean: Platform=PCD3D_SM5, Usage=LightingModel=MSM_DefaultLit, BlendMode=BLEND_Opaque, SpecialEngine=0, TwoSided=0, TSNormal=1, Masked=0, Distorted=0, WritesEveryPixel=1, ModifiesMeshPosition=0, Usage={bUsedWithStaticLighting}"
"/Game/StarterContent/Materials/M_Water_Lake.M_Water_Lake","0","33","0","8","145","Compiling M_Water_Lake: Platform=PCD3D_SM5, Usage=LightingModel=MSM_DefaultLit, BlendMode=BLEND_Opaque, SpecialEngine=0, TwoSided=0, TSNormal=1, Masked=0, Distorted=0, WritesEveryPixel=1, ModifiesMeshPosition=0, Usage={bUsedWithStaticLighting}"
"/Game/StarterContent/Materials/M_Tech_Panel.M_Tech_Panel","0","33","0","10","164","Compiling M_Tech_Panel: Platform=PCD3D_SM5, Usage=LightingModel=MSM_DefaultLit, BlendMode=BLEND_Opaque, SpecialEngine=0, TwoSided=0, TSNormal=1, Masked=0, Distorted=0, WritesEveryPixel=1, ModifiesMeshPosition=0, Usage={bUsedWithStaticLighting}"
"/Game/StarterContent/Materials/M_Tech_Hex_Tile_Pulse.M_Tech_Hex_Tile_Pulse","0","33","0","3","144","Compiling M_Tech_Hex_Tile_Pulse: Platform=PCD3D_SM5, Usage=LightingModel=MSM_DefaultLit, BlendMode=BLEND_Opaque, SpecialEngine=0, TwoSided=0, TSNormal=1, Masked=0, Distorted=0, WritesEveryPixel=1, ModifiesMeshPosition=0, Usage={bUsedWithStaticLighting}"
"/Game/StarterContent/Materials/M_Tech_Hex_Tile.M_Tech_Hex_Tile","0","33","0","10","138","Compiling M_Tech_Hex_Tile: Platform=PCD3D_SM5, Usage=LightingModel=MSM_DefaultLit, BlendMode=BLEND_Opaque, SpecialEngine=0, TwoSided=0, TSNormal=1, Masked=0, Distorted=0, WritesEveryPixel=1, ModifiesMeshPosition=0, Usage={bUsedWithStaticLighting}"
"/Game/StarterContent/Materials/M_Tech_Checker_Dot.M_Tech_Checker_Dot","0","33","0","10","157","Compiling M_Tech_Checker_Dot: Platform=PCD3D_SM5, Usage=LightingModel=MSM_DefaultLit, BlendMode=BLEND_Opaque, SpecialEngine=0, TwoSided=0, TSNormal=1, Masked=0, Distorted=0, WritesEveryPixel=1, ModifiesMeshPosition=0, Usage={bUsedWithStaticLighting}"
"/Game/StarterContent/Materials/M_Rock_Slate.M_Rock_Slate","0","33","0","1","158","Compiling M_Rock_Slate: Platform=PCD3D_SM5, Usage=LightingModel=MSM_DefaultLit, BlendMode=BLEND_Opaque, SpecialEngine=0, TwoSided=0, TSNormal=1, Masked=0, Distorted=0, WritesEveryPixel=1, ModifiesMeshPosition=0, Usage={bUsedWithStaticLighting}"
"/Game/StarterContent/Materials/M_Rock_Sandstone.M_Rock_Sandstone","0","33","0","10","155","Compiling M_Rock_Sandstone: Platform=PCD3D_SM5, Usage=LightingModel=MSM_DefaultLit, BlendMode=BLEND_Opaque, SpecialEngine=0, TwoSided=0, TSNormal=1, Masked=0, Distorted=0, WritesEveryPixel=1, ModifiesMeshPosition=0, Usage={bUsedWithStaticLighting}"
"/Game/StarterContent/Materials/M_Rock_Marble_Polished.M_Rock_Marble_Polished","0","33","0","9","157","Compiling M_Rock_Marble_Polished: Platform=PCD3D_SM5, Usage=LightingModel=MSM_DefaultLit, BlendMode=BLEND_Opaque, SpecialEngine=0, TwoSided=0, TSNormal=1, Masked=0, Distorted=0, WritesEveryPixel=1, ModifiesMeshPosition=0, Usage={bUsedWithStaticLighting}"
"/Game/StarterContent/Materials/M_Rock_Basalt.M_Rock_Basalt","0","33","0","10","178","Compiling M_Rock_Basalt: Platform=PCD3D_SM5, Usage=LightingModel=MSM_DefaultLit, BlendMode=BLEND_Opaque, SpecialEngine=0, TwoSided=0, TSNormal=1, Masked=0, Distorted=0, WritesEveryPixel=1, ModifiesMeshPosition=0, Usage={bUsedWithStaticLighting}"
"/Game/StarterContent/Materials/M_Metal_Steel.M_Metal_Steel","0","33","0","5","135","Compiling M_Metal_Steel: Platform=PCD3D_SM5, Usage=LightingModel=MSM_DefaultLit, BlendMode=BLEND_Opaque, SpecialEngine=0, TwoSided=0, TSNormal=1, Masked=0, Distorted=0, WritesEveryPixel=1, ModifiesMeshPosition=0, Usage={bUsedWithStaticLighting}"
"/Game/StarterContent/Materials/M_Metal_Rust.M_Metal_Rust","0","33","0","8","107","Compiling M_Metal_Rust: Platform=PCD3D_SM5, Usage=LightingModel=MSM_DefaultLit, BlendMode=BLEND_Opaque, SpecialEngine=0, TwoSided=0, TSNormal=1, Masked=0, Distorted=0, WritesEveryPixel=1, ModifiesMeshPosition=0, Usage={bUsedWithStaticLighting}"
"/Game/StarterContent/Materials/M_Metal_Gold.M_Metal_Gold","0","33","0","10","165","Compiling M_Metal_Gold: Platform=PCD3D_SM5, Usage=LightingModel=MSM_DefaultLit, BlendMode=BLEND_Opaque, SpecialEngine=0, TwoSided=0, TSNormal=1, Masked=0, Distorted=0, WritesEveryPixel=1, ModifiesMeshPosition=0, Usage={bUsedWithStaticLighting}"
"/Game/StarterContent/Materials/M_Metal_Chrome.M_Metal_Chrome","0","33","0","10","104","Compiling M_Metal_Chrome: Platform=PCD3D_SM5, Usage=LightingModel=MSM_DefaultLit, BlendMode=BLEND_Opaque, SpecialEngine=0, TwoSided=0, TSNormal=1, Masked=0, Distorted=0, WritesEveryPixel=1, ModifiesMeshPosition=0, Usage={bUsedWithStaticLighting}"
"/Game/StarterContent/Materials/M_Ground_Moss.M_Ground_Moss","0","33","0","10","163","Compiling M_Ground_Moss: Platform=PCD3D_SM5, Usage=LightingModel=MSM_DefaultLit, BlendMode=BLEND_Opaque, SpecialEngine=0, TwoSided=0, TSNormal=1, Masked=0, Distorted=0, WritesEveryPixel=1, ModifiesMeshPosition=0, Usage={bUsedWithStaticLighting}"
"/Game/StarterContent/Materials/M_Ground_Gravel.M_Ground_Gravel","0","33","0","10","160","Compiling M_Ground_Gravel: Platform=PCD3D_SM5, Usage=LightingModel=MSM_DefaultLit, BlendMode=BLEND_Opaque, SpecialEngine=0, TwoSided=0, TSNormal=1, Masked=0, Distorted=0, WritesEveryPixel=1, ModifiesMeshPosition=0, Usage={bUsedWithStaticLighting}"
"/Game/StarterContent/Materials/M_Concrete_Tiles.M_Concrete_Tiles","0","33","0","10","166","Compiling M_Concrete_Tiles: Platform=PCD3D_SM5, Usage=LightingModel=MSM_DefaultLit, BlendMode=BLEND_Opaque, SpecialEngine=0, TwoSided=0, TSNormal=1, Masked=0, Distorted=0, WritesEveryPixel=1, ModifiesMeshPosition=0, Usage={bUsedWithStaticLighting}"
"/Game/StarterContent/Materials/M_Concrete_Panels.M_Concrete_Panels","0","33","0","10","137","Compiling M_Concrete_Panels: Platform=PCD3D_SM5, Usage=LightingModel=MSM_DefaultLit, BlendMode=BLEND_Opaque, SpecialEngine=0, TwoSided=0, TSNormal=1, Masked=0, Distorted=0, WritesEveryPixel=1, ModifiesMeshPosition=0, Usage={bUsedWithStaticLighting}"
"/Game/StarterContent/Materials/M_Concrete_Grime.M_Concrete_Grime","0","33","0","9","158","Compiling M_Concrete_Grime: Platform=PCD3D_SM5, Usage=LightingModel=MSM_DefaultLit, BlendMode=BLEND_Opaque, SpecialEngine=0, TwoSided=0, TSNormal=1, Masked=0, Distorted=0, WritesEveryPixel=1, ModifiesMeshPosition=0, Usage={bUsedWithStaticLighting}"
"/Game/StarterContent/Materials/M_CobbleStone_Smooth.M_CobbleStone_Smooth","0","33","0","6","171","Compiling M_CobbleStone_Smooth: Platform=PCD3D_SM5, Usage=LightingModel=MSM_DefaultLit, BlendMode=BLEND_Opaque, SpecialEngine=0, TwoSided=0, TSNormal=1, Masked=0, Distorted=0, WritesEveryPixel=1, ModifiesMeshPosition=0, Usage={bUsedWithStaticLighting}"
"/Game/StarterContent/Materials/M_CobbleStone_Rough.M_CobbleStone_Rough","0","33","0","6","174","Compiling M_CobbleStone_Rough: Platform=PCD3D_SM5, Usage=LightingModel=MSM_DefaultLit, BlendMode=BLEND_Opaque, SpecialEngine=0, TwoSided=0, TSNormal=1, Masked=0, Distorted=0, WritesEveryPixel=1, ModifiesMeshPosition=0, Usage={bUsedWithStaticLighting}"
"/Game/StarterContent/Materials/M_CobbleStone_Pebble.M_CobbleStone_Pebble","0","33","0","8","138","Compiling M_CobbleStone_Pebble: Platform=PCD3D_SM5, Usage=LightingModel=MSM_DefaultLit, BlendMode=BLEND_Opaque, SpecialEngine=0, TwoSided=0, TSNormal=1, Masked=0, Distorted=0, WritesEveryPixel=1, ModifiesMeshPosition=0, Usage={bUsedWithStaticLighting}"
"/Game/StarterContent/Materials/M_Ceramic_Tile_Checker.M_Ceramic_Tile_Checker","0","33","0","10","166","Compiling M_Ceramic_Tile_Checker: Platform=PCD3D_SM5, Usage=LightingModel=MSM_DefaultLit, BlendMode=BLEND_Opaque, SpecialEngine=0, TwoSided=0, TSNormal=1, Masked=0, Distorted=0, WritesEveryPixel=1, ModifiesMeshPosition=0, Usage={bUsedWithStaticLighting}"
"/Game/StarterContent/Materials/M_Brick_Hewn_Stone.M_Brick_Hewn_Stone","0","33","0","1","161","Compiling M_Brick_Hewn_Stone: Platform=PCD3D_SM5, Usage=LightingModel=MSM_DefaultLit, BlendMode=BLEND_Opaque, SpecialEngine=0, TwoSided=0, TSNormal=1, Masked=0, Distorted=0, WritesEveryPixel=1, ModifiesMeshPosition=0, Usage={bUsedWithStaticLighting}"
"/Game/StarterContent/Materials/M_Brick_Cut_Stone.M_Brick_Cut_Stone","0","33","0","10","136","Compiling M_Brick_Cut_Stone: Platform=PCD3D_SM5, Usage=LightingModel=MSM_DefaultLit, BlendMode=BLEND_Opaque, SpecialEngine=0, TwoSided=0, TSNormal=1, Masked=0, Distorted=0, WritesEveryPixel=1, ModifiesMeshPosition=0, Usage={bUsedWithStaticLighting}"
"/Game/StarterContent/Materials/M_Brick_Clay_Old.M_Brick_Clay_Old","0","33","0","10","155","Compiling M_Brick_Clay_Old: Platform=PCD3D_SM5, Usage=LightingModel=MSM_DefaultLit, BlendMode=BLEND_Opaque, SpecialEngine=0, TwoSided=0, TSNormal=1, Masked=0, Distorted=0, WritesEveryPixel=1, ModifiesMeshPosition=0, Usage={bUsedWithStaticLighting}"
"/Game/StarterContent/Materials/M_Brick_Clay_New.M_Brick_Clay_New","0","33","0","3","132","Compiling M_Brick_Clay_New: Platform=PCD3D_SM5, Usage=LightingModel=MSM_DefaultLit, BlendMode=BLEND_Opaque, SpecialEngine=0, TwoSided=0, TSNormal=1, Masked=0, Distorted=0, WritesEveryPixel=1, ModifiesMeshPosition=0, Usage={bUsedWithStaticLighting}"
"/Game/StarterContent/Materials/M_Brick_Clay_Beveled.M_Brick_Clay_Beveled","0","33","0","10","137","Compiling M_Brick_Clay_Beveled: Platform=PCD3D_SM5, Usage=LightingModel=MSM_DefaultLit, BlendMode=BLEND_Opaque, SpecialEngine=0, TwoSided=0, TSNormal=1, Masked=0, Distorted=0, WritesEveryPixel=1, ModifiesMeshPosition=0, Usage={bUsedWithStaticLighting}"
"/Engine/EngineMaterials/AntiAliasedTextMaterialTranslucent.AntiAliasedTextMaterialTranslucent","0","36","0","10","203","Compiling AntiAliasedTextMaterialTranslucent: Platform=PCD3D_SM5, Usage=LightingModel=MSM_DefaultLit, BlendMode=BLEND_Translucent, SpecialEngine=0, TwoSided=1, TSNormal=1, Masked=0, Distorted=0, WritesEveryPixel=1, ModifiesMeshPosition=0, Usage={}"
"/Game/StarterContent/Materials/M_Concrete_Poured.M_Concrete_Poured","0","33","0","5","135","Compiling M_Concrete_Poured: Platform=PCD3D_SM5, Usage=LightingModel=MSM_DefaultLit, BlendMode=BLEND_Opaque, SpecialEngine=0, TwoSided=0, TSNormal=1, Masked=0, Distorted=0, WritesEveryPixel=1, ModifiesMeshPosition=0, Usage={bUsedWithStaticLighting}"
"/Game/StarterContent/Props/Materials/M_TableRound.M_TableRound","0","33","0","5","135","Compiling M_TableRound: Platform=PCD3D_SM5, Usage=LightingModel=MSM_DefaultLit, BlendMode=BLEND_Opaque, SpecialEngine=0, TwoSided=0, TSNormal=1, Masked=0, Distorted=0, WritesEveryPixel=1, ModifiesMeshPosition=0, Usage={bUsedWithStaticLighting}"
"/Game/StarterContent/Props/Materials/M_Statue.M_Statue","0","33","0","10","183","Compiling M_Statue: Platform=PCD3D_SM5, Usage=LightingModel=MSM_DefaultLit, BlendMode=BLEND_Opaque, SpecialEngine=0, TwoSided=0, TSNormal=1, Masked=0, Distorted=0, WritesEveryPixel=1, ModifiesMeshPosition=0, Usage={bUsedWithStaticLighting}"
"/Game/StarterContent/Props/Materials/M_StatueGlass.M_StatueGlass","0","54","0","5","332","Compiling M_StatueGlass: Platform=PCD3D_SM5, Usage=LightingModel=MSM_DefaultLit, BlendMode=BLEND_Translucent, SpecialEngine=0, TwoSided=0, TSNormal=1, Masked=0, Distorted=1, WritesEveryPixel=1, ModifiesMeshPosition=0, Usage={bUsedWithStaticLighting}"
"/Game/StarterContent/Props/Materials/M_Chair.M_Chair","0","33","0","6","120","Compiling M_Chair: Platform=PCD3D_SM5, Usage=LightingModel=MSM_DefaultLit, BlendMode=BLEND_Opaque, SpecialEngine=0, TwoSided=0, TSNormal=1, Masked=0, Distorted=0, WritesEveryPixel=1, ModifiesMeshPosition=0, Usage={bUsedWithStaticLighting}"
"/Game/StarterContent/Blueprints/Assets/M_LightStage_Skybox_Master.M_LightStage_Skybox_Master","0","6","0","6","10","Compiling M_LightStage_Skybox_Master: Platform=PCD3D_SM5, Usage=LightingModel=MSM_Unlit, BlendMode=BLEND_Opaque, SpecialEngine=0, TwoSided=0, TSNormal=1, Masked=0, Distorted=0, WritesEveryPixel=1, ModifiesMeshPosition=0, Usage={bUsedWithStaticLighting}, StaticSwitch'HDRI2-1'=True"
"/Game/StarterContent/Blueprints/Assets/M_LightStage_Skybox_Master.M_LightStage_Skybox_Master","0","6","0","6","11","Compiling M_LightStage_Skybox_Master: Platform=PCD3D_SM5, Usage=LightingModel=MSM_Unlit, BlendMode=BLEND_Opaque, SpecialEngine=0, TwoSided=0, TSNormal=1, Masked=0, Distorted=0, WritesEveryPixel=1, ModifiesMeshPosition=0, Usage={bUsedWithStaticLighting}"
"/Game/StarterContent/Materials/M_Metal_Copper.M_Metal_Copper","0","33","0","7","148","Compiling M_Metal_Copper: Platform=PCD3D_SM5, Usage=LightingModel=MSM_DefaultLit, BlendMode=BLEND_Opaque, SpecialEngine=0, TwoSided=0, TSNormal=1, Masked=0, Distorted=0, WritesEveryPixel=1, ModifiesMeshPosition=0, Usage={bUsedWithStaticLighting}"
"/Game/StarterContent/Materials/M_Metal_Burnished_Steel.M_Metal_Burnished_Steel","0","33","0","8","170","Compiling M_Metal_Burnished_Steel: Platform=PCD3D_SM5, Usage=LightingModel=MSM_DefaultLit, BlendMode=BLEND_Opaque, SpecialEngine=0, TwoSided=0, TSNormal=1, Masked=0, Distorted=0, WritesEveryPixel=1, ModifiesMeshPosition=0, Usage={bUsedWithStaticLighting}"
"/Game/StarterContent/Materials/M_Metal_Brushed_Nickel.M_Metal_Brushed_Nickel","0","33","0","10","102","Compiling M_Metal_Brushed_Nickel: Platform=PCD3D_SM5, Usage=LightingModel=MSM_DefaultLit, BlendMode=BLEND_Opaque, SpecialEngine=0, TwoSided=0, TSNormal=1, Masked=0, Distorted=0, WritesEveryPixel=1, ModifiesMeshPosition=0, Usage={bUsedWithStaticLighting}"
"/Engine/EditorMeshes/ColorCalibrator/M_GreyBall.M_GreyBall","0","33","0","10","105","Compiling M_GreyBall: Platform=PCD3D_SM5, Usage=LightingModel=MSM_DefaultLit, BlendMode=BLEND_Opaque, SpecialEngine=0, TwoSided=0, TSNormal=1, Masked=0, Distorted=0, WritesEveryPixel=1, ModifiesMeshPosition=0, Usage={bUsedWithStaticLighting}"
"/Engine/EditorMeshes/ColorCalibrator/M_ColorGrid.M_ColorGrid","0","33","0","9","118","Compiling M_ColorGrid: Platform=PCD3D_SM5, Usage=LightingModel=MSM_DefaultLit, BlendMode=BLEND_Opaque, SpecialEngine=0, TwoSided=0, TSNormal=1, Masked=0, Distorted=0, WritesEveryPixel=1, ModifiesMeshPosition=0, Usage={bUsedWithStaticLighting}"
"/Engine/EditorMeshes/ColorCalibrator/M_ClearCoatBlack.M_ClearCoatBlack","0","33","0","10","144","Compiling M_ClearCoatBlack: Platform=PCD3D_SM5, Usage=LightingModel=MSM_DefaultLit, BlendMode=BLEND_Opaque, SpecialEngine=0, TwoSided=0, TSNormal=1, Masked=0, Distorted=0, WritesEveryPixel=1, ModifiesMeshPosition=0, Usage={bUsedWithStaticLighting}"
"/Engine/EditorMeshes/ColorCalibrator/M_ClearCoat.M_ClearCoat","0","33","0","5","104","Compiling M_ClearCoat: Platform=PCD3D_SM5, Usage=LightingModel=MSM_ClearCoat, BlendMode=BLEND_Opaque, SpecialEngine=0, TwoSided=0, TSNormal=1, Masked=0, Distorted=0, WritesEveryPixel=1, ModifiesMeshPosition=0, Usage={bUsedWithStaticLighting}"
"/Engine/EditorMeshes/ColorCalibrator/M_ChromeBall.M_ChromeBall","0","63","0","10","309","Compiling M_ChromeBall: Platform=PCD3D_SM5, Usage=LightingModel=MSM_DefaultLit, BlendMode=BLEND_Opaque, SpecialEngine=0, TwoSided=0, TSNormal=1, Masked=0, Distorted=0, WritesEveryPixel=1, ModifiesMeshPosition=0, Usage={bUsedWithSkeletalMesh,bUsedWithStaticLighting}"
"/Game/StarterContent/Blueprints/Assets/M_LightStage_Arrows.M_LightStage_Arrows","0","6","0","6","7","Compiling M_LightStage_Arrows: Platform=PCD3D_SM5, Usage=LightingModel=MSM_Unlit, BlendMode=BLEND_Opaque, SpecialEngine=0, TwoSided=0, TSNormal=1, Masked=0, Distorted=0, WritesEveryPixel=1, ModifiesMeshPosition=0, Usage={}"
"/Engine/EditorMaterials/Thumbnails/SkySphereMaterial.SkySphereMaterial","0","6","0","6","6","Compiling SkySphereMaterial: Platform=PCD3D_SM5, Usage=LightingModel=MSM_Unlit, BlendMode=BLEND_Opaque, SpecialEngine=0, TwoSided=0, TSNormal=1, Masked=0, Distorted=0, WritesEveryPixel=1, ModifiesMeshPosition=0, Usage={bUsedWithStaticLighting}"
"/Game/StarterContent/Materials/M_AssetPlatform.M_AssetPlatform","0","33","0","10","102","Compiling M_AssetPlatform: Platform=PCD3D_SM5, Usage=LightingModel=MSM_DefaultLit, BlendMode=BLEND_Opaque, SpecialEngine=0, TwoSided=0, TSNormal=1, Masked=0, Distorted=0, WritesEveryPixel=1, ModifiesMeshPosition=0, Usage={bUsedWithStaticLighting}"
"/Game/StarterContent/Props/Materials/M_Shelf.M_Shelf","0","33","0","2","136","Compiling M_Shelf: Platform=PCD3D_SM5, Usage=LightingModel=MSM_DefaultLit, BlendMode=BLEND_Opaque, SpecialEngine=0, TwoSided=0, TSNormal=1, Masked=0, Distorted=0, WritesEveryPixel=1, ModifiesMeshPosition=0, Usage={bUsedWithStaticLighting}"
"/Game/StarterContent/Props/Materials/M_Rock.M_Rock","0","33","0","10","132","Compiling M_Rock: Platform=PCD3D_SM5, Usage=LightingModel=MSM_DefaultLit, BlendMode=BLEND_Opaque, SpecialEngine=0, TwoSided=0, TSNormal=1, Masked=0, Distorted=0, WritesEveryPixel=1, ModifiesMeshPosition=0, Usage={bUsedWithStaticLighting}"
"/Game/StarterContent/Props/Materials/M_MaterialSphere_Plain.M_MaterialSphere_Plain","0","18","0","4","61","Compiling M_MaterialSphere_Plain: Platform=PCD3D_SM5, Usage=LightingModel=MSM_DefaultLit, BlendMode=BLEND_Opaque, SpecialEngine=0, TwoSided=0, TSNormal=1, Masked=0, Distorted=0, WritesEveryPixel=1, ModifiesMeshPosition=0, Usage={}"
"/Game/StarterContent/Props/Materials/M_MaterialSphere.M_MaterialSphere","0","18","0","10","59","Compiling M_MaterialSphere: Platform=PCD3D_SM5, Usage=LightingModel=MSM_DefaultLit, BlendMode=BLEND_Opaque, SpecialEngine=0, TwoSided=0, TSNormal=1, Masked=0, Distorted=0, WritesEveryPixel=1, ModifiesMeshPosition=0, Usage={}"
"/Game/StarterContent/Props/Materials/M_Door.M_Door","0","33","0","5","135","Compiling M_Door: Platform=PCD3D_SM5, Usage=LightingModel=MSM_DefaultLit, BlendMode=BLEND_Opaque, SpecialEngine=0, TwoSided=0, TSNormal=1, Masked=0, Distorted=0, WritesEveryPixel=1, ModifiesMeshPosition=0, Usage={bUsedWithStaticLighting}"
"/Game/StarterContent/Props/Materials/M_Bush.M_Bush","0","59","0","12","303","Compiling M_Bush: Platform=PCD3D_SM5, Usage=LightingModel=MSM_DefaultLit, BlendMode=BLEND_Masked, SpecialEngine=0, TwoSided=1, TSNormal=1, Masked=1, Distorted=0, WritesEveryPixel=0, ModifiesMeshPosition=0, Usage={bUsedWithStaticLighting}"
"/Game/StarterContent/Particles/Materials/M_radial_ramp.M_radial_ramp","0","36","0","10","136","Compiling M_radial_ramp: Platform=PCD3D_SM5, Usage=LightingModel=MSM_Unlit, BlendMode=BLEND_Translucent, SpecialEngine=0, TwoSided=0, TSNormal=1, Masked=0, Distorted=0, WritesEveryPixel=1, ModifiesMeshPosition=0, Usage={bUsedWithParticleSprites,bUsedWithBeamTrails}"
"/Game/StarterContent/Materials/M_ColorGrid_LowSpec.M_ColorGrid_LowSpec","0","33","0","10","147","Compiling M_ColorGrid_LowSpec: Platform=PCD3D_SM5, Usage=LightingModel=MSM_DefaultLit, BlendMode=BLEND_Opaque, SpecialEngine=0, TwoSided=0, TSNormal=1, Masked=0, Distorted=0, WritesEveryPixel=1, ModifiesMeshPosition=0, Usage={bUsedWithStaticLighting}"
"/Game/StarterContent/Particles/Materials/M_Burst.M_Burst","0","34","0","10","157","Compiling M_Burst: Platform=PCD3D_SM5, Usage=LightingModel=MSM_Unlit, BlendMode=BLEND_Additive, SpecialEngine=0, TwoSided=0, TSNormal=1, Masked=0, Distorted=1, WritesEveryPixel=1, ModifiesMeshPosition=0, Usage={bUsedWithParticleSprites}"
"/Game/StarterContent/Particles/Materials/M_explosion_subUV.M_explosion_subUV","0","28","0","10","94","Compiling M_explosion_subUV: Platform=PCD3D_SM5, Usage=LightingModel=MSM_Unlit, BlendMode=BLEND_Additive, SpecialEngine=0, TwoSided=0, TSNormal=1, Masked=0, Distorted=0, WritesEveryPixel=1, ModifiesMeshPosition=0, Usage={bUsedWithParticleSprites}"
"/Game/StarterContent/Particles/Materials/m_flare_01.m_flare_01","0","36","0","10","136","Compiling m_flare_01: Platform=PCD3D_SM5, Usage=LightingModel=MSM_Unlit, BlendMode=BLEND_Additive, SpecialEngine=0, TwoSided=0, TSNormal=1, Masked=0, Distorted=0, WritesEveryPixel=1, ModifiesMeshPosition=0, Usage={bUsedWithParticleSprites,bUsedWithBeamTrails}"
