"Path","Platform","Compiled","Cooked","Permutations","Compiletime","CompiledDouble","CookedDouble"
"/Engine/EngineMaterials/Widget3DPassThrough.Widget3DPassThrough","0","95","100","6","78.858215","0","112"
"/Paper2D/DefaultSpriteMaterial.DefaultSpriteMaterial","0","111","46","2","107.249222","0","386"
"/OpenXR/Devices/M_XRController.M_XRController","0","54","38","3","65.891579","0","81"
"Globals","0","3049","0","1","0.000000","0","0"
"/Engine/EngineMaterials/PhAT_JointLimitMaterial.PhAT_JointLimitMaterial","0","19","10","1","18.262999","0","82"
"/Engine/EngineMaterials/GizmoMaterial.GizmoMaterial","0","11","4","1","9.674125","0","49"
"/Engine/EngineMaterials/M_InvalidLightmapSettings.M_InvalidLightmapSettings","0","36","2","1","33.856781","0","539"
"/Engine/EngineMaterials/EmissiveMeshMaterial.EmissiveMeshMaterial","0","14","3","1","12.915510","0","52"
"/Engine/EngineDebugMaterials/DebugMeshMaterial.DebugMeshMaterial","0","14","4","1","12.849623","0","58"
"/Engine/EngineMaterials/RemoveSurfaceMaterial.RemoveSurfaceMaterial","0","6","6","1","7.189062","0","9"
"/OculusVR/Materials/TouchForQuestRiftSControllerMaterial.TouchForQuestRiftSControllerMaterial","0","18","1","1","21.822268","0","66"
"/OculusVR/Materials/touchController_mat.touchController_mat","0","48","6","1","46.595608","0","298"
"/OculusVR/Materials/OculusMR_OpaqueColoredMaterial.OculusMR_OpaqueColoredMaterial","0","6","6","1","6.798465","0","10"
"/OculusVR/Materials/OculusMR_ChromaKey.OculusMR_ChromaKey","0","12","12","1","12.851862","0","18"
"/Engine/EngineDebugMaterials/M_VolumeRenderSphereTracePP.M_VolumeRenderSphereTracePP","0","8","8","1","12.671301","0","10"
"/SpeedTreeImporter/SpeedTree9/SpeedTreeBillboardMaster.SpeedTreeBillboardMaster","0","80","7","1","117.082489","0","739"
"/SpeedTreeImporter/SpeedTree9/SpeedTreeMaster.SpeedTreeMaster","0","118","10","1","184.802994","0","1335"
"/Engine/EngineDebugMaterials/WireframeMaterial.WireframeMaterial","0","690","22","1","471.490448","0","34127"
"/Engine/EngineDebugMaterials/VertexColorMaterial.VertexColorMaterial","0","125","11","1","110.012184","0","1180"
"/Engine/EngineMaterials/DefaultMaterial.DefaultMaterial","0","217","3","1","254.129868","0","3652"
"/Engine/ArtTools/RenderToTexture/Materials/Debug/M_Emissive_Color.M_Emissive_Color","0","6","6","1","7.190306","0","6"
"/OculusVR/Materials/PokeAHoleMaterial.PokeAHoleMaterial","0","12","12","1","12.140621","0","12"
"/Engine/EngineDebugMaterials/M_SimpleUnlitTranslucent.M_SimpleUnlitTranslucent","0","12","12","1","11.747168","0","22"
"/Engine/EditorMaterials/Camera/CineMat.CineMat","0","30","1","1","30.739847","0","93"
"/Engine/VREditor/TransformGizmo/TranslucentTransformGizmoMaterial.TranslucentTransformGizmoMaterial","0","12","4","1","12.101102","0","34"
"/Engine/VREditor/TransformGizmo/TransformGizmoMaterial.TransformGizmoMaterial","0","6","6","1","7.681021","0","6"
"/Engine/VREditor/TransformGizmo/Xray.Xray","0","18","18","1","21.616423","0","26"
"/Engine/VREditor/TransformGizmo/Main.Main","0","12","12","1","12.476854","0","12"
"/Engine/EngineMaterials/BaseFlattenMaterial.BaseFlattenMaterial","0","62","13","1","68.135651","0","193"
"/Engine/EngineSky/VolumetricClouds/m_SimpleVolumetricCloud.m_SimpleVolumetricCloud","0","58","20","1","199.610504","0","405"
"/Engine/EngineMaterials/DefaultPostProcessMaterial.DefaultPostProcessMaterial","0","16","16","1","16.436357","0","16"
"/Engine/EngineMaterials/DefaultLightFunctionMaterial.DefaultLightFunctionMaterial","0","23","23","1","14.624521","0","23"
"/Engine/EngineMaterials/DefaultDeferredDecalMaterial.DefaultDeferredDecalMaterial","0","163","163","1","172.448624","0","163"
"/Engine/EngineMaterials/WorldGridMaterial.WorldGridMaterial","0","1065","1092","1","858.176331","0","1092"
"/Engine/EngineMaterials/DefaultTextMaterialOpaque.DefaultTextMaterialOpaque","0","40","3","1","36.674782","0","153"
"/Game/Mannequin/Character/Materials/M_Male_Body.M_Male_Body","0","238","20","2","173.981262","0","1903"
"/Engine/EngineMaterials/PPM_DefaultCalibrationGrayscale.PPM_DefaultCalibrationGrayscale","0","8","8","1","7.913901","0","8"
"/Engine/EngineMaterials/PPM_DefaultCalibrationColor.PPM_DefaultCalibrationColor","0","8","8","1","7.841918","0","9"
"/Game/ThirdPersonBP/Blueprints/Material_009.Material_009","0","18","5","1","20.723618","0","44"
"/Game/ThirdPersonBP/Blueprints/Material_005.Material_005","0","18","5","1","21.523426","0","44"
"/Game/ThirdPersonBP/Blueprints/Material_004.Material_004","0","18","10","1","20.784601","0","53"
"/Game/ThirdPersonBP/Blueprints/Material_002.Material_002","0","33","10","1","43.683842","0","124"
"/Game/ThirdPersonBP/Blueprints/Material_001.Material_001","0","18","10","1","21.073015","0","48"
"/Game/ThirdPersonBP/Blueprints/Material.Material","0","18","18","1","21.425758","0","28"
"/Engine/EditorMaterials/PreviewShadowIndicatorMaterial.PreviewShadowIndicatorMaterial","0","23","7","1","16.059530","0","90"
"/Engine/EngineDebugMaterials/DebugEditorMaterial.DebugEditorMaterial","0","11","12","1","10.833635","0","20"
"/Game/ThirdPersonBP/Blueprints/Material_003.Material_003","0","33","10","1","44.669125","0","135"
"/Game/ThirdPerson/Meshes/RampMaterial.RampMaterial","0","33","10","1","43.732239","0","108"
"/Engine/EngineSky/M_Sky_Panning_Clouds2.M_Sky_Panning_Clouds2","0","6","6","1","8.312099","0","7"
"/Game/StarterContent/Materials/M_Wood_Oak.M_Wood_Oak","0","33","7","1","48.811440","0","151"
"/Game/StarterContent/Materials/M_Ground_Grass.M_Ground_Grass","0","33","10","1","47.382019","0","179"
"/Game/Geometry/Meshes/CubeMaterial.CubeMaterial","0","33","2","1","44.265079","0","108"
"/Game/StarterContent/Props/Materials/M_Lamp.M_Lamp","0","33","10","1","48.263340","0","145"
"/Game/StarterContent/Particles/Materials/M_smoke_subUV.M_smoke_subUV","0","90","7","1","103.356712","0","719"
"/Game/StarterContent/Particles/Materials/M_Spark.M_Spark","0","28","1","1","24.860966","0","112"
"/Game/StarterContent/Particles/Materials/M_Radial_Gradient.M_Radial_Gradient","0","36","1","1","31.570326","0","148"
"/Game/StarterContent/Particles/Materials/M_Heat_Distortion.M_Heat_Distortion","0","40","1","1","33.154881","0","172"
"/Game/StarterContent/Particles/Materials/M_Fire_SubUV.M_Fire_SubUV","0","28","10","1","26.210340","0","90"
"/Game/StarterContent/Materials/M_Basic_Wall.M_Basic_Wall","0","33","1","1","49.670673","0","113"
"/Game/StarterContent/Materials/M_Basic_Floor.M_Basic_Floor","0","33","5","1","49.615639","0","104"
"/Game/StarterContent/Props/Materials/M_Frame.M_Frame","0","33","5","1","51.679649","0","104"
"/Game/StarterContent/Materials/M_Glass.M_Glass","0","54","2","1","157.945709","0","328"
"/Game/StarterContent/Particles/Materials/M_Dust_Particle.M_Dust_Particle","0","118","5","1","121.619621","0","1036"
"/Game/StarterContent/Materials/M_Wood_Walnut.M_Wood_Walnut","0","33","10","1","50.447666","0","167"
"/Game/StarterContent/Materials/M_Wood_Pine.M_Wood_Pine","0","33","10","1","49.145817","0","120"
"/Game/StarterContent/Materials/M_Wood_Floor_Walnut_Worn.M_Wood_Floor_Walnut_Worn","0","33","9","1","44.541534","0","154"
"/Game/StarterContent/Materials/M_Wood_Floor_Walnut_Polished.M_Wood_Floor_Walnut_Polished","0","33","10","1","45.074642","0","168"
"/Game/StarterContent/Materials/M_Water_Ocean.M_Water_Ocean","0","33","5","1","46.755753","0","156"
"/Game/StarterContent/Materials/M_Water_Lake.M_Water_Lake","0","33","8","1","46.631561","0","145"
"/Game/StarterContent/Materials/M_Tech_Panel.M_Tech_Panel","0","33","10","1","45.887623","0","164"
"/Game/StarterContent/Materials/M_Tech_Hex_Tile_Pulse.M_Tech_Hex_Tile_Pulse","0","33","3","1","44.323673","0","144"
"/Game/StarterContent/Materials/M_Tech_Hex_Tile.M_Tech_Hex_Tile","0","33","10","1","47.412010","0","138"
"/Game/StarterContent/Materials/M_Tech_Checker_Dot.M_Tech_Checker_Dot","0","33","10","1","49.986454","0","157"
"/Game/StarterContent/Materials/M_Rock_Slate.M_Rock_Slate","0","33","1","1","47.829674","0","158"
"/Game/StarterContent/Materials/M_Rock_Sandstone.M_Rock_Sandstone","0","33","10","1","47.506275","0","155"
"/Game/StarterContent/Materials/M_Rock_Marble_Polished.M_Rock_Marble_Polished","0","33","9","1","45.526932","0","157"
"/Game/StarterContent/Materials/M_Rock_Basalt.M_Rock_Basalt","0","33","10","1","45.636665","0","178"
"/Game/StarterContent/Materials/M_Metal_Steel.M_Metal_Steel","0","33","5","1","45.570965","0","135"
"/Game/StarterContent/Materials/M_Metal_Rust.M_Metal_Rust","0","33","8","1","44.834618","0","107"
"/Game/StarterContent/Materials/M_Metal_Gold.M_Metal_Gold","0","33","10","1","44.961742","0","165"
"/Game/StarterContent/Materials/M_Metal_Chrome.M_Metal_Chrome","0","33","10","1","44.734943","0","104"
"/Game/StarterContent/Materials/M_Ground_Moss.M_Ground_Moss","0","33","10","1","48.230324","0","163"
"/Game/StarterContent/Materials/M_Ground_Gravel.M_Ground_Gravel","0","33","10","1","45.318241","0","160"
"/Game/StarterContent/Materials/M_Concrete_Tiles.M_Concrete_Tiles","0","33","10","1","46.198025","0","166"
"/Game/StarterContent/Materials/M_Concrete_Panels.M_Concrete_Panels","0","33","10","1","45.914433","0","137"
"/Game/StarterContent/Materials/M_Concrete_Grime.M_Concrete_Grime","0","33","9","1","46.427475","0","158"
"/Game/StarterContent/Materials/M_CobbleStone_Smooth.M_CobbleStone_Smooth","0","33","6","1","54.745132","0","171"
"/Game/StarterContent/Materials/M_CobbleStone_Rough.M_CobbleStone_Rough","0","33","6","1","53.327862","0","174"
"/Game/StarterContent/Materials/M_CobbleStone_Pebble.M_CobbleStone_Pebble","0","33","8","1","46.103809","0","138"
"/Game/StarterContent/Materials/M_Ceramic_Tile_Checker.M_Ceramic_Tile_Checker","0","33","10","1","46.903675","0","166"
"/Game/StarterContent/Materials/M_Brick_Hewn_Stone.M_Brick_Hewn_Stone","0","33","1","1","46.553425","0","161"
"/Game/StarterContent/Materials/M_Brick_Cut_Stone.M_Brick_Cut_Stone","0","33","10","1","46.874817","0","136"
"/Game/StarterContent/Materials/M_Brick_Clay_Old.M_Brick_Clay_Old","0","33","10","1","48.846119","0","155"
"/Game/StarterContent/Materials/M_Brick_Clay_New.M_Brick_Clay_New","0","33","3","1","46.685040","0","132"
"/Game/StarterContent/Materials/M_Brick_Clay_Beveled.M_Brick_Clay_Beveled","0","33","10","1","47.958538","0","137"
"/Engine/EngineMaterials/AntiAliasedTextMaterialTranslucent.AntiAliasedTextMaterialTranslucent","0","36","10","1","44.829552","0","203"
"/Game/StarterContent/Materials/M_Concrete_Poured.M_Concrete_Poured","0","33","5","1","49.141758","0","135"
"/Game/StarterContent/Props/Materials/M_TableRound.M_TableRound","0","33","5","1","48.568638","0","135"
"/Game/StarterContent/Props/Materials/M_Statue.M_Statue","0","33","10","1","49.595631","0","183"
"/Game/StarterContent/Props/Materials/M_StatueGlass.M_StatueGlass","0","54","5","1","150.093292","0","332"
"/Game/StarterContent/Props/Materials/M_Chair.M_Chair","0","33","6","1","47.467983","0","120"
"/Game/StarterContent/Blueprints/Assets/M_LightStage_Skybox_Master.M_LightStage_Skybox_Master","0","12","12","2","15.338991","0","21"
"/Game/StarterContent/Materials/M_Metal_Copper.M_Metal_Copper","0","33","7","1","48.663471","0","148"
"/Game/StarterContent/Materials/M_Metal_Burnished_Steel.M_Metal_Burnished_Steel","0","33","8","1","48.186005","0","170"
"/Game/StarterContent/Materials/M_Metal_Brushed_Nickel.M_Metal_Brushed_Nickel","0","33","10","1","47.651321","0","102"
"/Engine/EditorMeshes/ColorCalibrator/M_GreyBall.M_GreyBall","0","33","10","1","42.983364","0","105"
"/Engine/EditorMeshes/ColorCalibrator/M_ColorGrid.M_ColorGrid","0","33","9","1","44.403477","0","118"
"/Engine/EditorMeshes/ColorCalibrator/M_ClearCoatBlack.M_ClearCoatBlack","0","33","10","1","42.740986","0","144"
"/Engine/EditorMeshes/ColorCalibrator/M_ClearCoat.M_ClearCoat","0","33","5","1","42.384499","0","104"
"/Engine/EditorMeshes/ColorCalibrator/M_ChromeBall.M_ChromeBall","0","63","10","1","68.650101","0","309"
"/Game/StarterContent/Blueprints/Assets/M_LightStage_Arrows.M_LightStage_Arrows","0","6","6","1","7.624708","0","7"
"/Engine/EditorMaterials/Thumbnails/SkySphereMaterial.SkySphereMaterial","0","6","6","1","7.761161","0","6"
"/Game/StarterContent/Materials/M_AssetPlatform.M_AssetPlatform","0","33","10","1","45.593578","0","102"
"/Game/StarterContent/Props/Materials/M_Shelf.M_Shelf","0","33","2","1","43.657349","0","136"
"/Game/StarterContent/Props/Materials/M_Rock.M_Rock","0","33","10","1","47.988136","0","132"
"/Game/StarterContent/Props/Materials/M_MaterialSphere_Plain.M_MaterialSphere_Plain","0","18","4","1","21.782764","0","61"
"/Game/StarterContent/Props/Materials/M_MaterialSphere.M_MaterialSphere","0","18","10","1","22.762836","0","59"
"/Game/StarterContent/Props/Materials/M_Door.M_Door","0","33","5","1","46.487419","0","135"
"/Game/StarterContent/Props/Materials/M_Bush.M_Bush","0","59","12","1","64.038139","0","303"
"/Game/StarterContent/Particles/Materials/M_radial_ramp.M_radial_ramp","0","36","10","1","27.546850","0","136"
"/Game/StarterContent/Materials/M_ColorGrid_LowSpec.M_ColorGrid_LowSpec","0","33","10","1","46.307610","0","147"
"/Game/StarterContent/Particles/Materials/M_Burst.M_Burst","0","34","10","1","26.805954","0","157"
"/Game/StarterContent/Particles/Materials/M_explosion_subUV.M_explosion_subUV","0","28","10","1","24.586430","0","94"
"/Game/StarterContent/Particles/Materials/m_flare_01.m_flare_01","0","36","10","1","28.732149","0","136"
